img,name
http://img1.sycdn.imooc.com/szimg/660bc7330893a64d05400304.jpg,前端全栈进阶 Nextjs打造跨框架SaaS应用
http://img1.sycdn.imooc.com/szimg/661780c8081dcb9105400304.jpg,2024新考纲-软件设计师（软考中级） 一站式通关课程
http://img1.sycdn.imooc.com/szimg/65e6e5a10834520305400304.jpg,AI Agent智能应用从0到1定制开发 全流程解决方案实战
http://img1.sycdn.imooc.com/szimg/65f929d1088ed4ab05400304.jpg,基于C++音视频高手课-WebRTC远程桌面后台服务实战
http://img1.sycdn.imooc.com/szimg/65f92b3c08e3a46905400304.jpg,前端跳槽突围课，React18底层源码深入剖析
http://img1.sycdn.imooc.com/szimg/65e07b1108d30cc005400304.jpg,Stable Diffusion 商业变现与绘画大模型多场景实战
http://img1.sycdn.imooc.com/szimg/65f952360853ca3f05400304.jpg,低代码全栈项目实战 商业级海报编辑器全流程落地
http://img1.sycdn.imooc.com/szimg/666127a709ad496d05400304.jpg,MQ大牛成长课--从0到1手写分布式消息队列中间件
http://img1.sycdn.imooc.com/szimg/66624fbe0884562905400304.jpg,专为立志成为 10倍+ 效能职场跃迁的程序员设计
http://img1.sycdn.imooc.com/szimg/665ed85a0946863e05400304.jpg,网络编程基石课    大话网络协议，探究通信奥秘
http://img1.sycdn.imooc.com/szimg/6660267d08d2525805400304.jpg,从0到1全流程落地web游戏大地图项目，成为WebGlS专家
http://img1.sycdn.imooc.com/szimg/6645c0f70923689f05400304.jpg,PMP项目管理认证 一站式通关课程
http://img1.sycdn.imooc.com/szimg/664f0c3709b2665105400304.jpg,SpringCloud+Netty集群实战千万级 IM系统
http://img1.sycdn.imooc.com/szimg/664b02a209093f4505400304.jpg,2024 Java 高分面试宝典  一站式搞定技术面+项目面
http://img1.sycdn.imooc.com/szimg/6658423b09756f0a05400304.jpg,Apache Tomcat 系统精讲  一课通关
http://img1.sycdn.imooc.com/szimg/6659946b082adea905400304.jpg,2024，Python爬虫系统入门与多领域实战
http://img1.sycdn.imooc.com/szimg/664333dc0871beb205400304.jpg,C++大型流媒体项目-从底层到应用层千万级直播系统实战
http://img1.sycdn.imooc.com/szimg/663eddaa08f074c905400304.jpg,AI全流程落地实战  从设计-开发-测试到运营一站式搞定
http://img1.sycdn.imooc.com/szimg/6639990809d4077605400304.jpg,Springboot3+Vue3实现副业（创业）智能语音项目开发
http://img1.sycdn.imooc.com/szimg/6630aa5d0820588a05400304.jpg,AI多领域爆文写作与个人IP变现全流程实战
http://img1.sycdn.imooc.com/szimg/662daf2f0822aa5905400304.jpg,2024 鸿蒙零基础快速实战-仿抖音App开发（ ArkTS版 ）
http://img1.sycdn.imooc.com/szimg/65f80ef708f42b0b05400304.jpg,小白算法集训营-大幅提升刷题量，快速逃离新手区
http://img1.sycdn.imooc.com/szimg/65e9311a09e82f6505400304.jpg,产品经理进阶，多领域产品全流程实战训练
http://img1.sycdn.imooc.com/szimg/65f2a35c081b354705400304.jpg,Go微服务系统精讲  Go-Zero全流程实战即时通讯 ( IM )
http://img1.sycdn.imooc.com/szimg/65e8271808e378f805400304.jpg,Go从入门到进阶，大厂案例全流程实践
http://img1.sycdn.imooc.com/szimg/65e916e6081ae10f05400304.jpg,渗透测试主流技术急速入门与全流程实战
http://img1.sycdn.imooc.com/szimg/65ded7b808f5cd6605400304.jpg,全新Swift入门到进阶实战探探iOS APP
http://img1.sycdn.imooc.com/szimg/65e176e909d0d56505400304.jpg,NLP系统精讲与大厂案例落地实战，吃透内容理解体系
http://img1.sycdn.imooc.com/szimg/65a7948408deb50b05400304.jpg,零基础产品设计与实践
http://img1.sycdn.imooc.com/szimg/659fa18c0817485005400304.jpg,手把手带你实战一线大厂 SkyWalking 微服务全链路追踪
http://img1.sycdn.imooc.com/szimg/6594c2a808924c5205400304.jpg,慕课甄选-2024年Flutter零基础极速入门到进阶实战
http://img1.sycdn.imooc.com/szimg/65967fa40865fe8805400304.jpg,C++从0实现百万并发Reactor服务器
http://img1.sycdn.imooc.com/szimg/658bd82709046d6405400304.jpg,新考纲-系统架构设计师（软考高级） 一站式通关课程
http://img1.sycdn.imooc.com/szimg/6588fb3b090f487d05400304.jpg,一线大厂生产环境下的 Prometheus 监控系统实战
http://img1.sycdn.imooc.com/szimg/658462f6081f039505400304.jpg,AI零基础变现实战课，搞定10+变现场景与AIGC必备技能
http://img1.sycdn.imooc.com/szimg/657c1fdd081b91f505400304.jpg,程序员基石必修课，计算机网络底层原理
http://img1.sycdn.imooc.com/szimg/657fa729080bbfeb05400304.jpg,2024全新版 操作系统入门与实践-参透技术本质
http://img1.sycdn.imooc.com/szimg/657a91540945493805400304.jpg,网络安全高薪人才培养计划-8大网络攻防场景实战
http://img1.sycdn.imooc.com/szimg/656ebef308db6a6f05400304.jpg,读懂IT行业的第一课-IT技术素养提升课-快速蜕变内行人
http://img1.sycdn.imooc.com/szimg/655dc775094c6f5605400304.jpg,基于C++从0到1手写Linux高性能网络编程框架
